 State-gov,77516, Bachelors, Never-married, Adm-clerical, Not-in-family, Male
 Self-emp-not-inc,83311, Bachelors, Married-civ-spouse, Exec-managerial, Husband, Male
 Private,215646, HS-grad, Divorced, Handlers-cleaners, Not-in-family, Male
 Private,234721, 11th, Married-civ-spouse, Handlers-cleaners, Husband, Male
 Private,338409, Bachelors, Married-civ-spouse, Prof-specialty, Wife, Female
 Private,284582, Masters, Married-civ-spouse, Exec-managerial, Wife, Female
 Private,160187, 9th, Married-spouse-absent, Other-service, Not-in-family, Female
 Self-emp-not-inc,209642, HS-grad, Married-civ-spouse, Exec-managerial, Husband, Male
 Private,45781, Masters, Never-married, Prof-specialty, Not-in-family, Female
 Private,159449, Bachelors, Married-civ-spouse, Exec-managerial, Husband, Male
 Private,280464, Some-college, Married-civ-spouse, Exec-managerial, Husband, Male
 State-gov,141297, Bachelors, Married-civ-spouse, Prof-specialty, Husband, Male
 Private,122272, Bachelors, Never-married, Adm-clerical, Own-child, Female
 Private,205019, Assoc-acdm, Never-married, Sales, Not-in-family, Male
 Private,121772, Assoc-voc, Married-civ-spouse, Craft-repair, Husband, Male
 Private,245487, 7th-8th, Married-civ-spouse, Transport-moving, Husband, Male
 Self-emp-not-inc,176756, HS-grad, Never-married, Farming-fishing, Own-child, Male
 Private,186824, HS-grad, Never-married, Machine-op-inspct, Unmarried, Male
 Private,28887, 11th, Married-civ-spouse, Sales, Husband, Male
 Self-emp-not-inc,292175, Masters, Divorced, Exec-managerial, Unmarried, Female
 Private,193524, Doctorate, Married-civ-spouse, Prof-specialty, Husband, Male
 Private,302146, HS-grad, Separated, Other-service, Unmarried, Female
 Federal-gov,76845, 9th, Married-civ-spouse, Farming-fishing, Husband, Male
 Private,117037, 11th, Married-civ-spouse, Transport-moving, Husband, Male
 Private,109015, HS-grad, Divorced, Tech-support, Unmarried, Female
 Local-gov,216851, Bachelors, Married-civ-spouse, Tech-support, Husband, Male
 Private,168294, HS-grad, Never-married, Craft-repair, Own-child, Male
 ?,180211, Some-college, Married-civ-spouse, ?, Husband, Male
 Private,367260, HS-grad, Divorced, Exec-managerial, Not-in-family, Male
 Private,193366, HS-grad, Married-civ-spouse, Craft-repair, Husband, Male
 Local-gov,190709, Assoc-acdm, Never-married, Protective-serv, Not-in-family, Male
 Private,266015, Some-college, Never-married, Sales, Own-child, Male
 Private,386940, Bachelors, Divorced, Exec-managerial, Own-child, Male
 Federal-gov,59951, Some-college, Married-civ-spouse, Adm-clerical, Own-child, Male
 State-gov,311512, Some-college, Married-civ-spouse, Other-service, Husband, Male
 Private,242406, 11th, Never-married, Machine-op-inspct, Unmarried, Male
 Private,197200, Some-college, Never-married, Machine-op-inspct, Own-child, Male
 Private,544091, HS-grad, Married-AF-spouse, Adm-clerical, Wife, Female
 Private,84154, Some-college, Married-civ-spouse, Sales, Husband, Male
 Self-emp-not-inc,265477, Assoc-acdm, Married-civ-spouse, Prof-specialty, Husband, Male
 Private,507875, 9th, Married-civ-spouse, Machine-op-inspct, Husband, Male
 Self-emp-not-inc,88506, Bachelors, Married-civ-spouse, Prof-specialty, Husband, Male
 Private,172987, Bachelors, Married-civ-spouse, Tech-support, Husband, Male
 Private,94638, HS-grad, Separated, Adm-clerical, Unmarried, Female
 Private,289980, HS-grad, Never-married, Handlers-cleaners, Not-in-family, Male
 Federal-gov,337895, Bachelors, Married-civ-spouse, Prof-specialty, Husband, Male
 Private,144361, HS-grad, Married-civ-spouse, Machine-op-inspct, Husband, Male
 Private,128354, Masters, Divorced, Exec-managerial, Unmarried, Female
 State-gov,101603, Assoc-voc, Married-civ-spouse, Craft-repair, Husband, Male
 Private,271466, Assoc-voc, Never-married, Prof-specialty, Not-in-family, Male
 Private,32275, Some-college, Married-civ-spouse, Exec-managerial, Wife, Female
 Private,226956, HS-grad, Never-married, Other-service, Own-child, Female
 Private,51835, Prof-school, Married-civ-spouse, Prof-specialty, Wife, Female
 Federal-gov,251585, Bachelors, Divorced, Exec-managerial, Not-in-family, Male
 Self-emp-inc,109832, HS-grad, Divorced, Exec-managerial, Not-in-family, Male
 Private,237993, Some-college, Married-civ-spouse, Tech-support, Husband, Male
 Private,216666, 5th-6th, Married-civ-spouse, Machine-op-inspct, Husband, Male
 Private,56352, Assoc-voc, Married-civ-spouse, Other-service, Husband, Male
 Private,147372, HS-grad, Married-civ-spouse, Adm-clerical, Husband, Male
 Private,188146, HS-grad, Married-civ-spouse, Machine-op-inspct, Husband, Male
 Private,59496, Bachelors, Married-civ-spouse, Sales, Husband, Male
 ?,293936, 7th-8th, Married-spouse-absent, ?, Not-in-family, Male
 Private,149640, HS-grad, Married-civ-spouse, Transport-moving, Husband, Male
 Private,116632, Doctorate, Married-civ-spouse, Prof-specialty, Husband, Male
 Private,105598, Some-college, Divorced, Tech-support, Not-in-family, Male
 Private,155537, HS-grad, Married-civ-spouse, Craft-repair, Husband, Male
 Private,183175, Some-college, Divorced, Adm-clerical, Not-in-family, Female
 Private,169846, HS-grad, Married-civ-spouse, Adm-clerical, Wife, Female
 Self-emp-inc,191681, Some-college, Married-civ-spouse, Exec-managerial, Husband, Male
 ?,200681, Some-college, Never-married, ?, Own-child, Male
 Private,101509, Some-college, Never-married, Prof-specialty, Own-child, Male
 Private,309974, Bachelors, Separated, Sales, Own-child, Female
 Self-emp-not-inc,162298, Bachelors, Married-civ-spouse, Sales, Husband, Male
 Private,211678, Some-college, Never-married, Machine-op-inspct, Not-in-family, Male
 Private,124744, Some-college, Married-civ-spouse, Prof-specialty, Other-relative, Male
 Private,213921, HS-grad, Never-married, Other-service, Own-child, Male
 Private,32214, Assoc-acdm, Married-civ-spouse, Adm-clerical, Husband, Male
 ?,212759, 10th, Married-civ-spouse, ?, Husband, Male
 Private,309634, 11th, Never-married, Other-service, Own-child, Female
 Local-gov,125927, 7th-8th, Married-civ-spouse, Farming-fishing, Husband, Male
 Private,446839, HS-grad, Never-married, Sales, Not-in-family, Male
 Private,276515, Bachelors, Married-civ-spouse, Other-service, Husband, Male
 Private,51618, HS-grad, Married-civ-spouse, Other-service, Wife, Female
 Private,159937, HS-grad, Married-civ-spouse, Sales, Husband, Male
 Private,343591, HS-grad, Divorced, Craft-repair, Not-in-family, Female
 Private,346253, HS-grad, Divorced, Sales, Own-child, Female
 Local-gov,268234, HS-grad, Married-civ-spouse, Protective-serv, Husband, Male
 Private,202051, Masters, Married-civ-spouse, Prof-specialty, Husband, Male
 Private,54334, 9th, Never-married, Sales, Not-in-family, Male
 Federal-gov,410867, Doctorate, Never-married, Prof-specialty, Not-in-family, Female
 Private,249977, Assoc-voc, Married-civ-spouse, Prof-specialty, Husband, Male
 Private,286730, Some-college, Divorced, Craft-repair, Unmarried, Female
 Private,212563, Some-college, Divorced, Machine-op-inspct, Unmarried, Female
 Private,117747, HS-grad, Married-civ-spouse, Sales, Wife, Female
 Local-gov,226296, Bachelors, Married-civ-spouse, Protective-serv, Husband, Male
 Local-gov,115585, Some-college, Never-married, Handlers-cleaners, Not-in-family, Male
 Self-emp-not-inc,191277, Doctorate, Married-civ-spouse, Prof-specialty, Husband, Male
 Private,202683, Some-college, Married-civ-spouse, Sales, Husband, Male
 Private,171095, Assoc-acdm, Divorced, Exec-managerial, Unmarried, Female
 Federal-gov,249409, HS-grad, Never-married, Other-service, Own-child, Male
 Private,124191, Masters, Married-civ-spouse, Exec-managerial, Husband, Male
 Private,198282, Bachelors, Married-civ-spouse, Exec-managerial, Husband, Male
 Self-emp-not-inc,149116, Masters, Never-married, Prof-specialty, Not-in-family, Female
 Private,188300, Some-college, Never-married, Tech-support, Own-child, Female
 Private,103432, HS-grad, Never-married, Craft-repair, Not-in-family, Male
 Self-emp-inc,317660, HS-grad, Married-civ-spouse, Craft-repair, Husband, Male
 ?,304873, 10th, Never-married, ?, Own-child, Female
 Private,194901, 11th, Never-married, Handlers-cleaners, Own-child, Male
 Local-gov,189265, HS-grad, Never-married, Adm-clerical, Not-in-family, Female
 Private,124692, HS-grad, Married-civ-spouse, Handlers-cleaners, Husband, Male
 Private,432376, Bachelors, Never-married, Sales, Other-relative, Male
 Private,65324, Prof-school, Married-civ-spouse, Prof-specialty, Husband, Male
 Self-emp-not-inc,335605, HS-grad, Married-civ-spouse, Other-service, Husband, Male
 Private,377869, Some-college, Married-civ-spouse, Sales, Wife, Female
 Private,102864, HS-grad, Never-married, Machine-op-inspct, Own-child, Female
 Private,95647, 9th, Married-civ-spouse, Handlers-cleaners, Husband, Male
 Self-emp-inc,303090, Some-college, Married-civ-spouse, Sales, Husband, Male
 Local-gov,197371, Assoc-voc, Married-civ-spouse, Craft-repair, Husband, Male
 Private,247552, Some-college, Married-civ-spouse, Sales, Husband, Male
 Private,102632, HS-grad, Never-married, Craft-repair, Not-in-family, Male
 Private,199915, Some-college, Never-married, Other-service, Own-child, Female
 Private,118853, Bachelors, Married-civ-spouse, Exec-managerial, Husband, Male
 Private,77143, Bachelors, Never-married, Exec-managerial, Own-child, Male
 State-gov,267989, Bachelors, Married-civ-spouse, Prof-specialty, Husband, Male
 Private,301606, Some-college, Never-married, Other-service, Own-child, Male
 Private,287828, Bachelors, Married-civ-spouse, Exec-managerial, Wife, Female
 Private,111697, Some-college, Never-married, Adm-clerical, Own-child, Female
 Private,114937, Assoc-acdm, Married-civ-spouse, Adm-clerical, Husband, Male
 ?,129305, HS-grad, Married-civ-spouse, ?, Husband, Male
 Private,365739, Some-college, Divorced, Craft-repair, Not-in-family, Male
 Private,69621, Assoc-acdm, Never-married, Sales, Not-in-family, Female
 Private,43323, HS-grad, Never-married, Other-service, Not-in-family, Female
 Self-emp-not-inc,120985, HS-grad, Married-civ-spouse, Craft-repair, Husband, Male
 Private,254202, Bachelors, Married-civ-spouse, Sales, Husband, Male
 Private,146195, Assoc-acdm, Divorced, Tech-support, Not-in-family, Female
 Federal-gov,125933, Masters, Married-civ-spouse, Prof-specialty, Husband, Male
 Self-emp-not-inc,56920, HS-grad, Married-civ-spouse, Craft-repair, Husband, Male
 Private,163127, Assoc-voc, Married-civ-spouse, Adm-clerical, Wife, Female
 Private,34310, Some-college, Never-married, Sales, Own-child, Male
 Private,81973, Some-college, Married-civ-spouse, Craft-repair, Husband, Male
 Self-emp-inc,66614, HS-grad, Married-civ-spouse, Craft-repair, Husband, Male
 Private,232782, Some-college, Never-married, Sales, Own-child, Female
 Private,316868, Some-college, Never-married, Other-service, Own-child, Male
 Private,196584, Assoc-voc, Never-married, Prof-specialty, Not-in-family, Female
 Private,105376, Some-college, Never-married, Tech-support, Other-relative, Male
 Private,185814, HS-grad, Never-married, Transport-moving, Unmarried, Female
 Private,175374, Some-college, Married-civ-spouse, Other-service, Husband, Male
 Private,108293, HS-grad, Widowed, Other-service, Unmarried, Female
 Private,181232, 11th, Married-civ-spouse, Craft-repair, Husband, Male
 ?,174662, Some-college, Divorced, ?, Not-in-family, Female
 Local-gov,186009, Some-college, Divorced, Adm-clerical, Unmarried, Female
 Private,198183, HS-grad, Never-married, Adm-clerical, Not-in-family, Female
 Private,163003, Bachelors, Never-married, Exec-managerial, Other-relative, Female
 Private,296158, HS-grad, Never-married, Craft-repair, Own-child, Male
 ?,252903, HS-grad, Divorced, ?, Not-in-family, Male
 Private,187715, HS-grad, Married-civ-spouse, Craft-repair, Husband, Male
 Private,214542, Bachelors, Never-married, Handlers-cleaners, Not-in-family, Male
 Self-emp-not-inc,494223, Some-college, Separated, Sales, Unmarried, Male
 Private,191535, HS-grad, Divorced, Craft-repair, Not-in-family, Male
 Private,228456, Bachelors, Separated, Other-service, Other-relative, Male
 ?,38317, 1st-4th, Divorced, ?, Not-in-family, Female
 Private,252752, HS-grad, Never-married, Other-service, Unmarried, Female
 Self-emp-inc,78374, Masters, Divorced, Exec-managerial, Unmarried, Female
 Private,88419, HS-grad, Never-married, Exec-managerial, Not-in-family, Female
 Self-emp-not-inc,201080, Masters, Married-civ-spouse, Sales, Husband, Male
 Private,207157, Some-college, Divorced, Other-service, Unmarried, Female
 Federal-gov,235485, Assoc-acdm, Never-married, Exec-managerial, Not-in-family, Male
 State-gov,102628, Masters, Widowed, Protective-serv, Unmarried, Male
 Private,25828, 11th, Never-married, Handlers-cleaners, Own-child, Male
 Local-gov,54826, Assoc-voc, Widowed, Prof-specialty, Not-in-family, Female
 Private,124953, HS-grad, Never-married, Other-service, Not-in-family, Male
 State-gov,175325, HS-grad, Married-civ-spouse, Protective-serv, Husband, Male
 Private,96062, Some-college, Married-civ-spouse, Sales, Husband, Male
 Private,428030, Bachelors, Never-married, Craft-repair, Not-in-family, Male
 State-gov,149624, Bachelors, Married-civ-spouse, Prof-specialty, Husband, Male
 Private,253814, HS-grad, Married-spouse-absent, Sales, Unmarried, Female
 Private,312956, HS-grad, Never-married, Craft-repair, Own-child, Male
 Private,483777, HS-grad, Never-married, Handlers-cleaners, Not-in-family, Male
 Private,183930, HS-grad, Never-married, Other-service, Own-child, Male
 Private,37274, Bachelors, Married-civ-spouse, Prof-specialty, Husband, Male
 Local-gov,181344, Some-college, Married-civ-spouse, Exec-managerial, Husband, Male
 Private,114580, Some-college, Divorced, Adm-clerical, Not-in-family, Female
 Private,633742, Some-college, Never-married, Craft-repair, Not-in-family, Male
 Private,286370, 7th-8th, Married-civ-spouse, Machine-op-inspct, Husband, Male
 Federal-gov,29054, Some-college, Married-civ-spouse, Adm-clerical, Husband, Male
 Private,304030, HS-grad, Married-civ-spouse, Adm-clerical, Husband, Male
 Self-emp-not-inc,143129, Bachelors, Divorced, Exec-managerial, Not-in-family, Female
 ?,135105, Bachelors, Divorced, ?, Not-in-family, Female
 Private,99928, Masters, Married-civ-spouse, Prof-specialty, Wife, Female
 State-gov,109567, Doctorate, Married-civ-spouse, Prof-specialty, Husband, Male
 Private,155222, Some-college, Divorced, Machine-op-inspct, Not-in-family, Female
 Private,159567, Some-college, Married-civ-spouse, Machine-op-inspct, Husband, Male
 Local-gov,523910, Bachelors, Married-civ-spouse, Craft-repair, Husband, Male
 Private,120939, Some-college, Married-civ-spouse, Tech-support, Husband, Male
 Federal-gov,130760, Bachelors, Married-civ-spouse, Tech-support, Husband, Male
 Private,197387, 5th-6th, Married-civ-spouse, Transport-moving, Other-relative, Male
 Private,99374, Some-college, Divorced, Craft-repair, Not-in-family, Male
 Federal-gov,56795, Masters, Never-married, Exec-managerial, Not-in-family, Female
 Private,138992, Masters, Married-civ-spouse, Prof-specialty, Other-relative, Male
 Self-emp-not-inc,32921, HS-grad, Never-married, Sales, Not-in-family, Male
 Private,397317, Masters, Never-married, Prof-specialty, Not-in-family, Female
 ?,170653, HS-grad, Never-married, ?, Own-child, Male
 Private,259323, Bachelors, Married-civ-spouse, Exec-managerial, Husband, Male
 Local-gov,254817, Some-college, Never-married, Prof-specialty, Not-in-family, Female
 State-gov,48211, HS-grad, Divorced, Adm-clerical, Unmarried, Female
 Private,140164, 11th, Never-married, Sales, Own-child, Female
 Private,128757, Bachelors, Married-civ-spouse, Other-service, Husband, Male
 Private,36270, HS-grad, Divorced, Craft-repair, Not-in-family, Male
 Self-emp-inc,210563, HS-grad, Married-civ-spouse, Sales, Wife, Female
 Private,65368, 11th, Never-married, Sales, Own-child, Female
 Local-gov,160943, HS-grad, Married-civ-spouse, Transport-moving, Husband, Male
 Private,208358, HS-grad, Married-civ-spouse, Craft-repair, Husband, Male
 Private,153790, Some-college, Never-married, Sales, Not-in-family, Female
 Private,85815, HS-grad, Married-civ-spouse, Craft-repair, Husband, Male
 Self-emp-inc,125417, 7th-8th, Married-civ-spouse, Machine-op-inspct, Husband, Male
 Private,635913, Bachelors, Never-married, Exec-managerial, Not-in-family, Male
 Private,313321, Assoc-acdm, Divorced, Sales, Not-in-family, Female
 Private,182609, Bachelors, Married-civ-spouse, Sales, Husband, Male
 Private,109434, Bachelors, Married-civ-spouse, Prof-specialty, Husband, Male
 Private,255004, 10th, Never-married, Craft-repair, Not-in-family, Male
 Private,197860, Some-college, Married-civ-spouse, Handlers-cleaners, Husband, Male
 ?,187656, 1st-4th, Divorced, ?, Not-in-family, Male
 Private,51744, HS-grad, Never-married, Other-service, Not-in-family, Male
 Private,176681, HS-grad, Married-civ-spouse, Adm-clerical, Husband, Male
 Local-gov,140359, Preschool, Never-married, Machine-op-inspct, Not-in-family, Female
 Private,243313, HS-grad, Never-married, Sales, Own-child, Female
 ?,24215, 10th, Divorced, ?, Not-in-family, Female
 Self-emp-not-inc,167687, HS-grad, Married-civ-spouse, Farming-fishing, Husband, Male
 Private,314209, Assoc-voc, Widowed, Adm-clerical, Not-in-family, Female
 Private,176796, HS-grad, Divorced, Adm-clerical, Not-in-family, Female
 Private,538583, 11th, Separated, Transport-moving, Not-in-family, Male
 Private,130408, HS-grad, Divorced, Sales, Unmarried, Female
 Private,159732, Some-college, Never-married, Adm-clerical, Not-in-family, Male
 Private,110978, Some-college, Divorced, Craft-repair, Other-relative, Female
 Private,76714, Prof-school, Never-married, Prof-specialty, Not-in-family, Male
 State-gov,268700, HS-grad, Married-civ-spouse, Other-service, Husband, Male
 State-gov,170525, Some-college, Never-married, Adm-clerical, Not-in-family, Female
 Private,180138, Bachelors, Married-civ-spouse, Exec-managerial, Husband, Male
 Local-gov,115076, Masters, Married-civ-spouse, Exec-managerial, Husband, Male
 Private,115458, HS-grad, Never-married, Transport-moving, Own-child, Male
 Private,347890, Bachelors, Married-civ-spouse, Prof-specialty, Husband, Male
 Self-emp-not-inc,196001, HS-grad, Married-civ-spouse, Other-service, Wife, Female
 State-gov,273905, Assoc-acdm, Married-civ-spouse, Protective-serv, Husband, Male
 ?,119156, Some-college, Never-married, ?, Own-child, Male
 Private,179488, Some-college, Divorced, Craft-repair, Not-in-family, Male
 Private,203580, HS-grad, Married-civ-spouse, Adm-clerical, Husband, Male
 Private,236596, HS-grad, Married-civ-spouse, Adm-clerical, Husband, Male
 Private,183916, HS-grad, Never-married, Other-service, Not-in-family, Female
 Private,207578, Assoc-acdm, Married-civ-spouse, Tech-support, Husband, Male
 Private,153141, HS-grad, Married-civ-spouse, Adm-clerical, Husband, Male
 Private,112763, Prof-school, Married-civ-spouse, Prof-specialty, Wife, Female
 Private,390781, Bachelors, Married-civ-spouse, Adm-clerical, Wife, Female
 Local-gov,171328, 10th, Widowed, Other-service, Unmarried, Female
 Local-gov,27382, Some-college, Never-married, Adm-clerical, Own-child, Male
 Private,259014, Some-college, Never-married, Transport-moving, Not-in-family, Male
 Self-emp-not-inc,303044, HS-grad, Married-civ-spouse, Farming-fishing, Husband, Male
 Private,117789, HS-grad, Never-married, Other-service, Own-child, Female
 Private,172579, HS-grad, Separated, Other-service, Not-in-family, Female
 Private,187666, Assoc-voc, Widowed, Exec-managerial, Not-in-family, Female
 Private,204518, 7th-8th, Divorced, Craft-repair, Not-in-family, Male
 Private,150042, Bachelors, Divorced, Prof-specialty, Own-child, Female
 Private,98092, HS-grad, Married-civ-spouse, Sales, Husband, Male
 Private,245918, 11th, Never-married, Other-service, Own-child, Male
 Private,146013, Some-college, Married-civ-spouse, Sales, Husband, Male
 Private,378322, 11th, Married-civ-spouse, Craft-repair, Husband, Male
 Self-emp-inc,257295, Some-college, Married-civ-spouse, Exec-managerial, Husband, Male
 ?,218956, Some-college, Never-married, ?, Own-child, Male
 Private,21174, HS-grad, Married-civ-spouse, Exec-managerial, Husband, Male
 Private,185480, Bachelors, Never-married, Prof-specialty, Not-in-family, Female
 Private,222205, HS-grad, Married-civ-spouse, Craft-repair, Wife, Female
 Private,69867, HS-grad, Married-civ-spouse, Exec-managerial, Husband, Male
 Private,191260, 9th, Never-married, Other-service, Own-child, Male
 Self-emp-not-inc,30653, Masters, Married-civ-spouse, Farming-fishing, Husband, Male
 Local-gov,209109, Masters, Never-married, Prof-specialty, Own-child, Male
 Private,70377, HS-grad, Divorced, Prof-specialty, Own-child, Female
 Private,477983, HS-grad, Married-civ-spouse, Handlers-cleaners, Husband, Male
 Private,170924, Some-college, Married-civ-spouse, Craft-repair, Husband, Male
 Private,190174, Some-college, Never-married, Exec-managerial, Not-in-family, Female
 Private,193787, Some-college, Never-married, Tech-support, Own-child, Female
 Private,279472, Some-college, Married-civ-spouse, Machine-op-inspct, Wife, Female
 Private,34918, Bachelors, Never-married, Prof-specialty, Not-in-family, Female
 Local-gov,97688, Some-college, Married-civ-spouse, Craft-repair, Husband, Male
 Private,175413, Assoc-acdm, Divorced, Sales, Unmarried, Female
 Private,173960, Bachelors, Divorced, Prof-specialty, Not-in-family, Female
 Private,205759, HS-grad, Never-married, Handlers-cleaners, Own-child, Male
 Federal-gov,425161, Masters, Married-civ-spouse, Sales, Husband, Male
 Private,220531, Prof-school, Married-civ-spouse, Prof-specialty, Husband, Male
 Private,176609, Some-college, Divorced, Other-service, Not-in-family, Male
 Private,371987, Bachelors, Never-married, Exec-managerial, Not-in-family, Female
 Private,193884, 7th-8th, Married-civ-spouse, Craft-repair, Husband, Male
 Private,200352, Bachelors, Married-civ-spouse, Prof-specialty, Husband, Male
 Private,127595, HS-grad, Divorced, Prof-specialty, Not-in-family, Female
 Local-gov,220419, Bachelors, Never-married, Protective-serv, Not-in-family, Male
 Private,231931, Some-college, Never-married, Sales, Own-child, Male
 Private,248402, Bachelors, Never-married, Tech-support, Unmarried, Female
 Private,111095, HS-grad, Married-civ-spouse, Transport-moving, Husband, Male
 Self-emp-inc,57424, Bachelors, Divorced, Sales, Not-in-family, Female
 ?,157443, Masters, Married-civ-spouse, ?, Wife, Female
 Private,278130, HS-grad, Never-married, Craft-repair, Own-child, Male
 Private,169469, HS-grad, Divorced, Sales, Not-in-family, Male
 Private,146268, Bachelors, Married-civ-spouse, Adm-clerical, Husband, Male
 Private,153718, Some-college, Never-married, Other-service, Not-in-family, Female
 Private,217460, HS-grad, Married-civ-spouse, Transport-moving, Husband, Male
 Private,238638, HS-grad, Married-civ-spouse, Sales, Husband, Male
 Private,303296, Some-college, Married-civ-spouse, Adm-clerical, Wife, Female
 Private,173321, HS-grad, Divorced, Adm-clerical, Not-in-family, Female
 Private,193945, Assoc-acdm, Never-married, Tech-support, Not-in-family, Male
 Private,83082, Assoc-acdm, Never-married, Prof-specialty, Not-in-family, Female
 Private,193815, Assoc-acdm, Married-civ-spouse, Adm-clerical, Husband, Male
 Self-emp-inc,34987, Some-college, Married-civ-spouse, Farming-fishing, Husband, Male
 Private,59306, Bachelors, Never-married, Sales, Not-in-family, Male
 Private,142897, Masters, Married-civ-spouse, Exec-managerial, Husband, Male
 ?,860348, Some-college, Never-married, ?, Own-child, Female
 Self-emp-not-inc,205607, Bachelors, Divorced, Prof-specialty, Not-in-family, Female
 Private,199698, Some-college, Never-married, Sales, Own-child, Male
 Private,191954, Some-college, Never-married, Machine-op-inspct, Not-in-family, Male
 Self-emp-not-inc,138714, Some-college, Married-civ-spouse, Sales, Husband, Male
 Private,399087, 5th-6th, Married-civ-spouse, Machine-op-inspct, Other-relative, Female
 Private,423158, Some-college, Never-married, Tech-support, Not-in-family, Female
 Private,159841, HS-grad, Widowed, Other-service, Not-in-family, Female
 Self-emp-not-inc,174308, HS-grad, Married-civ-spouse, Exec-managerial, Husband, Male
 Private,50356, Some-college, Married-civ-spouse, Craft-repair, Husband, Male
 Private,186110, HS-grad, Divorced, Transport-moving, Not-in-family, Male
 Private,200381, 11th, Never-married, Exec-managerial, Not-in-family, Female
 Self-emp-not-inc,174309, Masters, Married-civ-spouse, Craft-repair, Husband, Male
 Self-emp-not-inc,78383, HS-grad, Married-civ-spouse, Farming-fishing, Husband, Male
 ?,211601, Assoc-voc, Never-married, ?, Own-child, Female
 Private,187728, Some-college, Married-civ-spouse, Prof-specialty, Wife, Female
 Self-emp-not-inc,321171, HS-grad, Married-civ-spouse, Handlers-cleaners, Husband, Male
 Private,127921, HS-grad, Never-married, Transport-moving, Not-in-family, Male
 Private,206565, Some-college, Never-married, Craft-repair, Not-in-family, Male
 Private,224563, Bachelors, Never-married, Adm-clerical, Not-in-family, Male
 Private,178686, Assoc-voc, Never-married, Other-service, Not-in-family, Male
 Local-gov,98545, 10th, Married-civ-spouse, Adm-clerical, Husband, Male
 Private,242606, HS-grad, Married-civ-spouse, Transport-moving, Husband, Male
 Private,270942, 5th-6th, Never-married, Other-service, Other-relative, Male
 Private,94235, HS-grad, Never-married, Craft-repair, Other-relative, Male
 Private,71195, Masters, Never-married, Prof-specialty, Not-in-family, Male
 Private,104112, HS-grad, Never-married, Sales, Unmarried, Male
 Private,261192, HS-grad, Married-civ-spouse, Other-service, Husband, Male
 Private,94936, Assoc-acdm, Never-married, Sales, Not-in-family, Male
 Private,296478, Assoc-voc, Married-civ-spouse, Craft-repair, Husband, Male
 State-gov,119272, HS-grad, Married-civ-spouse, Protective-serv, Husband, Male
 Private,85043, HS-grad, Never-married, Farming-fishing, Not-in-family, Male
 State-gov,293364, Some-college, Never-married, Protective-serv, Own-child, Female
 Self-emp-not-inc,241895, Bachelors, Never-married, Sales, Not-in-family, Male
 ?,36135, 11th, Married-civ-spouse, ?, Husband, Male
 ?,151989, Assoc-voc, Divorced, ?, Unmarried, Female
 Private,101128, Assoc-acdm, Married-spouse-absent, Other-service, Not-in-family, Male
 Private,156464, Bachelors, Never-married, Prof-specialty, Own-child, Male
 Private,117963, Bachelors, Married-civ-spouse, Exec-managerial, Husband, Male
 Private,192262, HS-grad, Married-civ-spouse, Other-service, Husband, Male
 Private,111363, Bachelors, Married-civ-spouse, Exec-managerial, Husband, Male
 Local-gov,329752, 11th, Married-civ-spouse, Transport-moving, Husband, Male
 ?,372020, Bachelors, Married-civ-spouse, ?, Husband, Male
 Federal-gov,95432, HS-grad, Married-civ-spouse, Adm-clerical, Husband, Male
 Private,161400, 11th, Widowed, Other-service, Unmarried, Male
 Private,96129, Assoc-voc, Married-civ-spouse, Tech-support, Husband, Male
 Private,111949, HS-grad, Married-civ-spouse, Adm-clerical, Wife, Female
 Self-emp-not-inc,117125, 9th, Married-civ-spouse, Craft-repair, Husband, Male
 Private,348022, 10th, Married-civ-spouse, Other-service, Wife, Female
 Private,270092, Masters, Married-civ-spouse, Prof-specialty, Husband, Male
 Private,180609, Bachelors, Married-civ-spouse, Transport-moving, Husband, Male
 Private,174575, Bachelors, Divorced, Exec-managerial, Not-in-family, Male
 Private,410439, HS-grad, Married-spouse-absent, Sales, Not-in-family, Male
 Private,92262, HS-grad, Married-civ-spouse, Craft-repair, Husband, Male
 Self-emp-not-inc,183081, Some-college, Married-civ-spouse, Sales, Husband, Male
 Private,362589, Assoc-acdm, Never-married, Sales, Not-in-family, Female
 Private,212448, Bachelors, Divorced, Exec-managerial, Not-in-family, Female
 Private,481060, HS-grad, Divorced, Sales, Unmarried, Female
 Federal-gov,185885, Some-college, Never-married, Adm-clerical, Unmarried, Female
 Private,89821, 11th, Never-married, Other-service, Own-child, Male
 State-gov,184018, Assoc-voc, Married-civ-spouse, Machine-op-inspct, Husband, Male
 Private,256649, HS-grad, Married-civ-spouse, Machine-op-inspct, Husband, Male
 Private,160323, HS-grad, Never-married, Craft-repair, Not-in-family, Male
 Local-gov,350845, Some-college, Never-married, Adm-clerical, Own-child, Female
 Private,267404, HS-grad, Married-civ-spouse, Craft-repair, Wife, Female
 Private,35633, Some-college, Never-married, Sales, Not-in-family, Male
 Self-emp-not-inc,80914, Masters, Divorced, Exec-managerial, Not-in-family, Male
 Private,172927, HS-grad, Married-civ-spouse, Sales, Husband, Male
 Private,174319, HS-grad, Divorced, Transport-moving, Not-in-family, Male
 Private,214955, 5th-6th, Divorced, Craft-repair, Not-in-family, Female
 Private,344991, Some-college, Married-civ-spouse, Craft-repair, Husband, Male
 Private,108699, Some-college, Divorced, Sales, Not-in-family, Female
 Local-gov,117312, Some-college, Married-civ-spouse, Transport-moving, Wife, Female
 Private,396099, HS-grad, Never-married, Other-service, Not-in-family, Female
 Private,134152, HS-grad, Separated, Machine-op-inspct, Not-in-family, Male
 Private,162028, Some-college, Married-civ-spouse, Adm-clerical, Wife, Female
 Private,25429, Some-college, Never-married, Adm-clerical, Own-child, Female
 Private,232392, HS-grad, Never-married, Other-service, Other-relative, Female
 Private,220098, HS-grad, Married-civ-spouse, Other-service, Wife, Female
 Private,301302, Bachelors, Never-married, Craft-repair, Not-in-family, Male
 Self-emp-not-inc,277946, Assoc-acdm, Separated, Craft-repair, Not-in-family, Male
 State-gov,98101, Bachelors, Married-civ-spouse, Exec-managerial, Husband, Male
 Private,196164, HS-grad, Never-married, Other-service, Not-in-family, Female
 Private,115562, Some-college, Married-civ-spouse, Tech-support, Husband, Male
 Private,96975, Some-college, Divorced, Handlers-cleaners, Unmarried, Female
 ?,137300, HS-grad, Never-married, ?, Other-relative, Female
 Private,86872, Bachelors, Married-civ-spouse, Exec-managerial, Husband, Male
 Self-emp-inc,132178, Bachelors, Married-civ-spouse, Exec-managerial, Husband, Male
 Private,416103, Some-college, Never-married, Handlers-cleaners, Own-child, Male
 Private,108574, Some-college, Never-married, Other-service, Not-in-family, Female
 State-gov,288353, Bachelors, Married-civ-spouse, Protective-serv, Husband, Male
 Private,227689, Assoc-voc, Divorced, Tech-support, Not-in-family, Female
 Private,166481, 7th-8th, Married-civ-spouse, Handlers-cleaners, Husband, Male
 Private,445382, Masters, Married-civ-spouse, Exec-managerial, Husband, Male
 Private,110145, HS-grad, Married-civ-spouse, Adm-clerical, Husband, Male
 Self-emp-not-inc,317253, HS-grad, Married-civ-spouse, Craft-repair, Husband, Male
 ?,123147, Some-college, Married-civ-spouse, ?, Wife, Female
 Private,364657, Some-college, Married-civ-spouse, Exec-managerial, Husband, Male
 Local-gov,42346, Some-college, Divorced, Other-service, Not-in-family, Female
 Private,241951, HS-grad, Never-married, Handlers-cleaners, Unmarried, Female
 Private,118500, Some-college, Divorced, Exec-managerial, Unmarried, Female
 Private,188386, Doctorate, Married-civ-spouse, Exec-managerial, Husband, Male
 State-gov,1033222, Some-college, Married-civ-spouse, Machine-op-inspct, Husband, Male
 Private,92440, 12th, Divorced, Craft-repair, Not-in-family, Male
 Private,190762, 1st-4th, Married-civ-spouse, Machine-op-inspct, Husband, Male
 Private,426017, 11th, Never-married, Other-service, Own-child, Female
 Local-gov,243867, 11th, Separated, Machine-op-inspct, Not-in-family, Male
 State-gov,240283, HS-grad, Divorced, Transport-moving, Unmarried, Female
 Private,61777, Some-college, Married-civ-spouse, Sales, Husband, Male
 Private,175024, 11th, Never-married, Handlers-cleaners, Own-child, Male
 State-gov,92003, Bachelors, Married-civ-spouse, Exec-managerial, Wife, Female
 Private,188401, HS-grad, Divorced, Farming-fishing, Not-in-family, Male
 Private,228528, 10th, Never-married, Craft-repair, Unmarried, Female
 Private,133373, HS-grad, Married-civ-spouse, Transport-moving, Husband, Male
 Federal-gov,255191, Masters, Never-married, Prof-specialty, Not-in-family, Male
 Private,204653, HS-grad, Never-married, Handlers-cleaners, Not-in-family, Male
 Self-emp-inc,222289, HS-grad, Married-civ-spouse, Exec-managerial, Husband, Male
 Local-gov,287480, Masters, Married-civ-spouse, Prof-specialty, Husband, Male
 ?,107762, HS-grad, Widowed, ?, Not-in-family, Male
 ?,202521, 11th, Never-married, ?, Own-child, Male
 Self-emp-not-inc,204116, Bachelors, Married-spouse-absent, Prof-specialty, Not-in-family, Female
 Private,29662, Assoc-acdm, Married-civ-spouse, Other-service, Wife, Female
 Private,116358, Some-college, Never-married, Craft-repair, Own-child, Male
 Private,208405, Masters, Married-civ-spouse, Prof-specialty, Husband, Male
 Local-gov,284843, HS-grad, Never-married, Farming-fishing, Not-in-family, Male
 Local-gov,117018, Some-college, Never-married, Protective-serv, Not-in-family, Female
 Private,81281, Some-college, Married-civ-spouse, Adm-clerical, Husband, Male
 Local-gov,340148, Some-college, Married-civ-spouse, Adm-clerical, Wife, Female
 Private,363425, Bachelors, Never-married, Prof-specialty, Not-in-family, Male
 Private,45857, HS-grad, Divorced, Adm-clerical, Not-in-family, Female
 Federal-gov,191073, HS-grad, Never-married, Armed-Forces, Own-child, Male
 Private,116632, Some-college, Married-civ-spouse, Prof-specialty, Husband, Male
 Private,405855, 9th, Never-married, Craft-repair, Other-relative, Male
 Private,298227, Some-college, Never-married, Sales, Not-in-family, Male
 Private,290521, HS-grad, Widowed, Exec-managerial, Unmarried, Female
 Private,56915, HS-grad, Married-civ-spouse, Craft-repair, Husband, Male
 Private,146538, HS-grad, Married-civ-spouse, Machine-op-inspct, Husband, Male
 ?,258872, 11th, Never-married, ?, Own-child, Female
 Private,206399, HS-grad, Never-married, Machine-op-inspct, Own-child, Female
 Self-emp-inc,197332, Some-college, Married-civ-spouse, Craft-repair, Husband, Male
 Private,245062, HS-grad, Married-civ-spouse, Craft-repair, Husband, Male
 Private,197583, Assoc-acdm, Married-civ-spouse, Exec-managerial, Husband, Male
 Self-emp-not-inc,234885, HS-grad, Married-civ-spouse, Sales, Wife, Female
 Private,72887, Assoc-voc, Married-civ-spouse, Machine-op-inspct, Husband, Male
 Private,180374, HS-grad, Married-civ-spouse, Exec-managerial, Wife, Female
 Private,351299, Some-college, Married-civ-spouse, Transport-moving, Husband, Male
 Private,54012, HS-grad, Married-civ-spouse, Transport-moving, Husband, Male
 ?,115745, Some-college, Married-civ-spouse, ?, Husband, Male
 Private,116632, Assoc-acdm, Never-married, Farming-fishing, Own-child, Male
 Local-gov,288825, HS-grad, Married-civ-spouse, Transport-moving, Husband, Male
 Private,132601, Bachelors, Married-civ-spouse, Prof-specialty, Husband, Male
 Private,193374, 1st-4th, Married-spouse-absent, Craft-repair, Unmarried, Male
 Private,170070, Bachelors, Never-married, Tech-support, Not-in-family, Female
 Private,126708, HS-grad, Married-civ-spouse, Adm-clerical, Wife, Female
 Private,35598, HS-grad, Divorced, Transport-moving, Unmarried, Male
 Private,33983, Some-college, Married-civ-spouse, Transport-moving, Husband, Male
 Private,192776, Masters, Married-civ-spouse, Exec-managerial, Husband, Male
 Private,118551, Bachelors, Married-civ-spouse, Tech-support, Wife, Female
 Private,201965, Some-college, Never-married, Prof-specialty, Unmarried, Male
 ?,139883, Some-college, Never-married, ?, Own-child, Male
 Private,285020, HS-grad, Never-married, Craft-repair, Not-in-family, Male
 Private,303990, HS-grad, Never-married, Transport-moving, Not-in-family, Male
 Private,49401, Assoc-voc, Divorced, Other-service, Not-in-family, Female
 Private,279196, Bachelors, Never-married, Craft-repair, Not-in-family, Female
 Private,211870, 9th, Never-married, Other-service, Not-in-family, Male
 Private,281432, Some-college, Never-married, Handlers-cleaners, Own-child, Male
 Private,161155, 10th, Never-married, Other-service, Not-in-family, Male
 Private,197904, HS-grad, Never-married, Other-service, Unmarried, Female
 Private,111746, Assoc-acdm, Married-civ-spouse, Craft-repair, Husband, Male
 Self-emp-not-inc,170721, Some-college, Married-civ-spouse, Craft-repair, Husband, Male
 State-gov,70100, Bachelors, Never-married, Prof-specialty, Not-in-family, Male
 Private,193626, HS-grad, Married-spouse-absent, Craft-repair, Unmarried, Female
 ?,271749, 12th, Never-married, ?, Other-relative, Male
 Private,189775, Some-college, Married-spouse-absent, Adm-clerical, Own-child, Female
 ?,401531, 1st-4th, Married-civ-spouse, ?, Husband, Male
 Local-gov,286967, HS-grad, Married-civ-spouse, Transport-moving, Husband, Male
 Local-gov,164427, Bachelors, Divorced, Prof-specialty, Unmarried, Female
 Private,91039, Bachelors, Married-civ-spouse, Sales, Husband, Male
 Private,347934, HS-grad, Never-married, Other-service, Not-in-family, Female
 Federal-gov,371373, HS-grad, Divorced, Adm-clerical, Not-in-family, Male
 Private,32220, Assoc-acdm, Never-married, Exec-managerial, Not-in-family, Female
 Private,187251, HS-grad, Divorced, Prof-specialty, Unmarried, Female
 Private,178107, Bachelors, Never-married, Craft-repair, Own-child, Male
 Private,343121, HS-grad, Divorced, Adm-clerical, Unmarried, Female
 Private,262749, Some-college, Never-married, Machine-op-inspct, Own-child, Male
 Private,403107, 5th-6th, Never-married, Other-service, Own-child, Male
 Private,64293, Some-college, Never-married, Prof-specialty, Not-in-family, Female
